insert into lab8typeproperty values
('10', 'Apartment'),
('08', 'Long house'),
('04', 'Double terraced house'),
('02', 'semi-D house'),
('01', 'condominium');



insert into lab8property values
('30002', '112, Taman B', 'Muar', '84333', '08'),
('30001','111, Taman Jaya', 'Batu Rakit', '51200', '10'),
('30003', '113, Taman C', 'Shah Alam', '40150', '04'),
(30004, '114, Taman D', 'Batu Pahat', '85003', '02'),
(30005, '115, Taman E', 'Kuantan', '43010', '01');
 
 
  INSERT INTO renter values
('870514-01-5472', 'Abu', '012-1235486', 'abu@gmail.com'),
('580613-06-1057', 'Ali', '017-8462130', 'ali@gmail.com'),
('760514-02-5482', 'Koushhalya', '014-12584631', 'koushhalya@gmail.com'), 
('650412-01-2055', 'Chirstina', '019-6543975', 'chirstina@gmail.com'), 
('680124-01-5472', 'Kah Chun', '010-5366882', 'kk@gmail.com');

 INSERT INTO lab8billing 
 (billingdate, icno, pymtmonth, pymtyear, paidamount) values
 ('2016-03-21', '870514-01-5472', '2016-03-20', '2016', '560.00'), 
 ('2016-05-29', '580613-06-1057', '2016-05-29', '2016', '760.00'), 
 ('2016-07-18', '760514-02-5482', '2016-07-19', '2016', '600.00'), 
 ('2016-09-15', '650412-01-2055', '2016-09-16', '2016', '560.00'), 
 ('2016-11-11', '680124-01-5472', '2016-11-12', '2016', '650.00'),
 ('2016-03-21', '870514-01-5472', '2016-03-20', '2016', '560.00'), 
 ('2016-05-29', '580613-06-1057', '2016-05-29', '2016', '760.00'), 
 ('2016-07-18', '760514-02-5482', '2016-07-19', '2016', '600.00'), 
 ('2016-09-15', '650412-01-2055', '2016-09-16', '2016', '560.00'), 
 ('2016-11-11', '680124-01-5472', '2016-11-12', '2016', '650.00'), 
 ('2017-01-15', '680124-01-5472', '2017-01-16', '2017', '800.00'), 
 ('2017-03-21', '870514-01-5472', '2017-03-20', '2017', '700.00'), 
 ('2017-05-29', '580613-06-1057', '2017-05-29', '2017', '850.00'), 
 ('2017-07-18', '760514-02-5482', '2017-07-19', '2017', '700.00'), 
 ('2017-09-15', '650412-01-2055', '2017-09-16', '2017', '900.00');


INSERT INTO termreference
values
('01', '870514-01-5472', '30001', '2016-03-21', '2017-01-21', 'Y', '56000.00'),
('02', '580613-06-1057', '30002', '2016-05-29', '2017-03-29', 'N', '76000.00'), 
('03', '760514-02-5482', '30003', '2016-07-18', '2017-05-18', 'Y', '60000.00'),
('05', '680124-01-5472', '30005', '2014-11-11', '2017-09-11', 'Y', '65000.00');